index,eligible,ground_truth_eligible,witness_time_ms,generate_time_ms,verify_time_ms,verified,jurisdiction,jurisdiction_name,failed_flags
0,true,true,582,607,23,true,3,Maharashtra,""
1,false,false,31,32,0,false,3,Maharashtra,"kyc_pass;title_valid;registry_verified;jurisdiction_mismatch"
2,true,true,210,232,21,true,1,Karnataka,""
3,true,true,233,248,15,true,0,Delhi,""
4,false,false,26,27,0,false,0,Delhi,"kyc_pass;mutation_complete;encumbrance_free;jurisdiction_eligible;jurisdiction_mismatch"
5,true,true,245,264,18,true,7,Gujarat,""
6,false,false,33,34,0,false,4,Rajasthan,"tax_paid;zoning_compliant;jurisdiction_mismatch"
7,true,true,210,226,14,true,4,Rajasthan,""
8,true,true,212,228,15,true,3,Maharashtra,""
9,true,true,250,274,23,true,6,Uttar_Pradesh,""
10,true,true,263,280,16,true,4,Rajasthan,""
11,true,true,255,270,15,true,6,Uttar_Pradesh,""
12,true,true,209,224,15,true,2,Telangana,""
13,false,false,34,34,0,false,3,Maharashtra,"kyc_pass;title_valid;tax_paid;jurisdiction_mismatch"
14,true,true,242,257,14,true,7,Gujarat,""
15,true,true,238,252,14,true,2,Telangana,""
16,true,true,201,218,15,true,7,Gujarat,""
17,false,false,31,31,0,false,7,Gujarat,"mutation_complete;jurisdiction_eligible;jurisdiction_mismatch"
18,true,true,251,266,14,true,3,Maharashtra,""
19,true,true,208,222,13,true,0,Delhi,""
20,false,false,29,30,0,false,4,Rajasthan,"registry_verified;mutation_complete;jurisdiction_mismatch"
21,true,true,213,227,14,true,0,Delhi,""
22,true,true,228,241,13,true,0,Delhi,""
23,true,true,235,250,14,true,4,Rajasthan,""
24,true,true,227,241,14,true,7,Gujarat,""
25,false,false,32,32,0,false,6,Uttar_Pradesh,"title_valid;mutation_complete;zoning_compliant;jurisdiction_mismatch"
26,true,true,222,240,17,true,5,Chandigarh,""
27,false,false,33,34,0,false,3,Maharashtra,"encumbrance_free;tax_paid;jurisdiction_mismatch"
28,false,false,41,41,0,false,3,Maharashtra,"kyc_pass;title_valid;jurisdiction_eligible;jurisdiction_mismatch"
29,true,true,230,245,14,true,4,Rajasthan,""
30,true,true,244,260,15,true,0,Delhi,""
31,true,true,195,209,14,true,1,Karnataka,""
32,false,false,29,30,0,false,6,Uttar_Pradesh,"registry_verified;encumbrance_free;jurisdiction_mismatch"
33,true,true,217,233,16,true,4,Rajasthan,""
34,true,true,197,212,15,true,0,Delhi,""
35,true,true,251,268,16,true,7,Gujarat,""
36,false,false,35,36,0,false,2,Telangana,"kyc_pass;title_valid;registry_verified;jurisdiction_mismatch"
37,false,false,40,41,0,false,1,Karnataka,"registry_verified;mutation_complete;encumbrance_free;tax_paid;jurisdiction_mismatch"
38,true,true,201,216,14,true,3,Maharashtra,""
39,false,false,34,34,0,false,3,Maharashtra,"kyc_pass;title_valid;mutation_complete;tax_paid;jurisdiction_mismatch"
40,false,false,37,38,0,false,0,Delhi,"kyc_pass;jurisdiction_mismatch"
41,true,true,250,270,19,true,1,Karnataka,""
42,true,true,211,224,13,true,1,Karnataka,""
43,false,false,29,30,0,false,0,Delhi,"kyc_pass;registry_verified;jurisdiction_mismatch"
44,true,true,230,245,14,true,3,Maharashtra,""
45,false,false,30,31,0,false,0,Delhi,"mutation_complete;jurisdiction_mismatch"
46,true,true,199,215,16,true,6,Uttar_Pradesh,""
47,true,true,237,251,13,true,3,Maharashtra,""
48,true,true,226,242,15,true,5,Chandigarh,""
49,false,false,32,33,0,false,1,Karnataka,"tax_paid;jurisdiction_eligible;jurisdiction_mismatch"
50,true,true,229,248,18,true,6,Uttar_Pradesh,""
51,false,false,31,32,0,false,3,Maharashtra,"registry_verified;encumbrance_free;tax_paid;jurisdiction_eligible;jurisdiction_mismatch"
52,true,true,222,237,15,true,5,Chandigarh,""
53,true,true,223,237,14,true,5,Chandigarh,""
54,false,false,28,29,0,false,7,Gujarat,"kyc_pass;title_valid;zoning_compliant;jurisdiction_mismatch"
55,true,true,213,230,16,true,5,Chandigarh,""
56,true,true,203,218,15,true,6,Uttar_Pradesh,""
57,true,true,253,270,16,true,5,Chandigarh,""
58,false,false,34,35,0,false,2,Telangana,"kyc_pass;title_valid;encumbrance_free;jurisdiction_eligible;jurisdiction_mismatch"
59,true,true,226,240,14,true,2,Telangana,""
60,true,true,240,255,14,true,5,Chandigarh,""
61,true,true,223,238,14,true,3,Maharashtra,""
62,true,true,196,211,15,true,2,Telangana,""
63,false,false,38,38,0,false,4,Rajasthan,"encumbrance_free;jurisdiction_eligible;jurisdiction_mismatch"
64,true,true,234,249,14,true,0,Delhi,""
65,true,true,209,224,14,true,1,Karnataka,""
66,true,true,231,245,14,true,3,Maharashtra,""
67,true,true,245,259,14,true,6,Uttar_Pradesh,""
68,true,true,211,225,13,true,7,Gujarat,""
69,false,false,30,30,0,false,0,Delhi,"mutation_complete;encumbrance_free;jurisdiction_eligible;jurisdiction_mismatch"
70,false,false,40,41,0,false,5,Chandigarh,"kyc_pass;zoning_compliant;jurisdiction_eligible;jurisdiction_mismatch"
71,true,true,212,228,15,true,0,Delhi,""
72,true,true,233,246,12,true,5,Chandigarh,""
73,false,false,36,37,0,false,4,Rajasthan,"kyc_pass;tax_paid;zoning_compliant;jurisdiction_mismatch"
74,true,true,231,249,18,true,4,Rajasthan,""
75,true,true,202,214,12,true,3,Maharashtra,""
76,false,false,29,29,0,false,6,Uttar_Pradesh,"kyc_pass;tax_paid;jurisdiction_mismatch"
77,false,false,33,34,0,false,4,Rajasthan,"mutation_complete;jurisdiction_mismatch"
78,true,true,216,235,18,true,1,Karnataka,""
79,true,true,234,248,13,true,0,Delhi,""
80,false,false,29,30,0,false,5,Chandigarh,"mutation_complete;jurisdiction_mismatch"
81,true,true,214,232,17,true,0,Delhi,""
82,true,true,218,231,13,true,4,Rajasthan,""
83,true,true,212,226,13,true,1,Karnataka,""
84,false,false,42,42,0,false,3,Maharashtra,"registry_verified;mutation_complete;tax_paid;jurisdiction_mismatch"
85,false,false,36,37,0,false,7,Gujarat,"kyc_pass;title_valid;jurisdiction_mismatch"
86,true,true,202,216,13,true,5,Chandigarh,""
87,true,true,213,228,14,true,5,Chandigarh,""
88,true,true,230,248,17,true,4,Rajasthan,""
89,true,true,237,252,14,true,1,Karnataka,""
90,true,true,216,230,13,true,0,Delhi,""
91,false,false,31,32,0,false,0,Delhi,"kyc_pass;title_valid;registry_verified;jurisdiction_mismatch"
92,true,true,229,244,14,true,4,Rajasthan,""
93,true,true,238,252,14,true,4,Rajasthan,""
94,true,true,229,243,13,true,0,Delhi,""
95,true,true,235,250,15,true,1,Karnataka,""
96,false,false,29,30,0,false,0,Delhi,"registry_verified;tax_paid;jurisdiction_eligible;jurisdiction_mismatch"
97,true,true,228,241,12,true,1,Karnataka,""
98,true,true,203,218,14,true,2,Telangana,""
99,true,true,224,239,14,true,1,Karnataka,""
100,false,false,32,32,0,false,6,Uttar_Pradesh,"mutation_complete;jurisdiction_eligible;jurisdiction_mismatch"
101,true,true,245,259,13,true,0,Delhi,""
102,true,true,199,214,15,true,7,Gujarat,""
103,true,true,224,242,17,true,6,Uttar_Pradesh,""
104,true,true,222,236,13,true,7,Gujarat,""
105,false,false,35,36,0,false,6,Uttar_Pradesh,"tax_paid;jurisdiction_mismatch"
106,true,true,218,235,16,true,0,Delhi,""
107,true,true,249,265,15,true,3,Maharashtra,""
108,true,true,242,257,14,true,3,Maharashtra,""
109,false,false,28,29,0,false,3,Maharashtra,"kyc_pass;title_valid;tax_paid;jurisdiction_mismatch"
110,false,false,34,34,0,false,7,Gujarat,"encumbrance_free;jurisdiction_mismatch"
111,true,true,232,248,15,true,0,Delhi,""
112,false,false,31,31,0,false,3,Maharashtra,"title_valid;mutation_complete;zoning_compliant;jurisdiction_eligible;jurisdiction_mismatch"
113,true,true,215,228,13,true,3,Maharashtra,""
114,true,true,199,213,14,true,7,Gujarat,""
115,true,true,214,228,14,true,6,Uttar_Pradesh,""
116,true,true,194,211,16,true,4,Rajasthan,""
117,true,true,230,247,16,true,4,Rajasthan,""
118,true,true,199,213,13,true,2,Telangana,""
119,true,true,236,251,15,true,4,Rajasthan,""
120,true,true,250,265,14,true,6,Uttar_Pradesh,""
121,false,false,31,31,0,false,5,Chandigarh,"kyc_pass;title_valid;registry_verified;jurisdiction_eligible;jurisdiction_mismatch"
122,true,true,198,214,15,true,7,Gujarat,""
123,true,true,224,240,15,true,0,Delhi,""
124,true,true,224,240,15,true,5,Chandigarh,""
125,true,true,210,224,13,true,6,Uttar_Pradesh,""
126,true,true,197,212,14,true,0,Delhi,""
127,false,false,33,34,0,false,0,Delhi,"zoning_compliant;jurisdiction_eligible;jurisdiction_mismatch"
128,true,true,214,227,12,true,5,Chandigarh,""
129,false,false,27,28,0,false,7,Gujarat,"title_valid;mutation_complete;jurisdiction_mismatch"
130,true,true,215,229,14,true,0,Delhi,""
131,false,false,29,30,0,false,1,Karnataka,"kyc_pass;mutation_complete;tax_paid;jurisdiction_mismatch"
132,false,false,34,34,0,false,2,Telangana,"title_valid;jurisdiction_mismatch"
133,true,true,232,247,15,true,0,Delhi,""
134,true,true,200,215,14,true,7,Gujarat,""
135,false,false,30,31,0,false,7,Gujarat,"mutation_complete;jurisdiction_mismatch"
136,true,true,235,249,13,true,4,Rajasthan,""
137,true,true,215,230,14,true,2,Telangana,""
138,true,true,195,211,16,true,5,Chandigarh,""
139,true,true,197,215,18,true,4,Rajasthan,""
140,true,true,206,222,15,true,3,Maharashtra,""
141,true,true,221,235,13,true,6,Uttar_Pradesh,""
142,false,false,29,30,0,false,3,Maharashtra,"title_valid;encumbrance_free;jurisdiction_mismatch"
143,true,true,213,229,15,true,4,Rajasthan,""
144,true,true,225,240,14,true,6,Uttar_Pradesh,""
145,true,true,210,227,16,true,0,Delhi,""
146,true,true,221,237,16,true,4,Rajasthan,""
147,false,false,32,33,0,false,2,Telangana,"zoning_compliant;jurisdiction_mismatch"
148,true,true,220,234,13,true,5,Chandigarh,""
149,true,true,226,241,14,true,7,Gujarat,""
150,false,false,37,37,0,false,7,Gujarat,"registry_verified;mutation_complete;zoning_compliant;jurisdiction_eligible;jurisdiction_mismatch"
151,true,true,212,226,13,true,3,Maharashtra,""
152,true,true,204,222,17,true,4,Rajasthan,""
153,true,true,218,232,14,true,4,Rajasthan,""
154,true,true,226,241,14,true,4,Rajasthan,""
155,true,true,214,231,16,true,6,Uttar_Pradesh,""
156,false,false,33,34,0,false,7,Gujarat,"title_valid;registry_verified;tax_paid;jurisdiction_mismatch"
157,true,true,216,230,14,true,1,Karnataka,""
158,true,true,211,226,15,true,4,Rajasthan,""
159,true,true,239,254,15,true,7,Gujarat,""
160,true,true,206,220,14,true,2,Telangana,""
161,true,true,206,220,14,true,0,Delhi,""
162,false,false,32,33,0,false,1,Karnataka,"zoning_compliant;jurisdiction_eligible;jurisdiction_mismatch"
163,true,true,214,229,14,true,4,Rajasthan,""
164,true,true,221,235,14,true,3,Maharashtra,""
165,true,true,214,232,18,true,1,Karnataka,""
166,false,false,40,41,0,false,2,Telangana,"kyc_pass;jurisdiction_mismatch"
167,true,true,213,227,13,true,6,Uttar_Pradesh,""
168,true,true,245,261,15,true,6,Uttar_Pradesh,""
169,false,false,32,33,0,false,7,Gujarat,"mutation_complete;tax_paid;jurisdiction_mismatch"
170,true,true,215,230,14,true,2,Telangana,""
171,true,true,249,263,13,true,1,Karnataka,""
172,true,true,213,228,14,true,3,Maharashtra,""
173,true,true,245,261,15,true,6,Uttar_Pradesh,""
174,true,true,202,216,13,true,6,Uttar_Pradesh,""
175,false,false,29,30,0,false,7,Gujarat,"kyc_pass;mutation_complete;tax_paid;jurisdiction_mismatch"
176,true,true,206,221,15,true,3,Maharashtra,""
177,true,true,291,306,14,true,5,Chandigarh,""
178,false,false,28,28,0,false,4,Rajasthan,"title_valid;registry_verified;encumbrance_free;jurisdiction_eligible;jurisdiction_mismatch"
179,true,true,216,231,14,true,5,Chandigarh,""
180,true,true,229,244,14,true,0,Delhi,""
181,true,true,226,241,14,true,4,Rajasthan,""
182,true,true,207,221,13,true,0,Delhi,""
183,false,false,33,34,0,false,2,Telangana,"title_valid;jurisdiction_mismatch"
184,false,false,33,34,0,false,3,Maharashtra,"kyc_pass;jurisdiction_mismatch"
185,false,false,30,31,0,false,1,Karnataka,"mutation_complete;jurisdiction_mismatch"
186,false,false,33,33,0,false,4,Rajasthan,"title_valid;jurisdiction_eligible;jurisdiction_mismatch"
187,true,true,238,253,14,true,3,Maharashtra,""
188,true,true,249,263,13,true,2,Telangana,""
189,false,false,32,32,0,false,2,Telangana,"jurisdiction_eligible;jurisdiction_mismatch"
190,true,true,222,240,17,true,0,Delhi,""
191,true,true,202,216,13,true,6,Uttar_Pradesh,""
192,true,true,201,214,12,true,6,Uttar_Pradesh,""
193,false,false,31,31,0,false,7,Gujarat,"kyc_pass;title_valid;registry_verified;jurisdiction_eligible;jurisdiction_mismatch"
194,true,true,247,261,13,true,6,Uttar_Pradesh,""
195,true,true,208,224,15,true,2,Telangana,""
196,true,true,227,243,15,true,0,Delhi,""
197,true,true,228,243,14,true,1,Karnataka,""
198,false,false,32,33,0,false,2,Telangana,"kyc_pass;jurisdiction_mismatch"
199,false,false,37,38,0,false,4,Rajasthan,"kyc_pass;jurisdiction_eligible;jurisdiction_mismatch"
200,false,false,31,32,0,false,0,Delhi,"registry_verified;mutation_complete;zoning_compliant;jurisdiction_mismatch"
201,true,true,233,247,13,true,5,Chandigarh,""
202,true,true,235,248,13,true,3,Maharashtra,""
203,true,true,217,232,14,true,5,Chandigarh,""
204,false,false,28,29,0,false,6,Uttar_Pradesh,"mutation_complete;zoning_compliant;jurisdiction_mismatch"
205,true,true,229,245,15,true,2,Telangana,""
206,false,false,33,34,0,false,4,Rajasthan,"kyc_pass;title_valid;registry_verified;zoning_compliant;jurisdiction_mismatch"
207,true,true,203,217,13,true,7,Gujarat,""
208,false,false,34,35,0,false,3,Maharashtra,"registry_verified;mutation_complete;jurisdiction_mismatch"
209,true,true,221,235,13,true,3,Maharashtra,""
210,true,true,229,244,15,true,1,Karnataka,""
211,true,true,211,225,14,true,5,Chandigarh,""
212,true,true,217,232,14,true,0,Delhi,""
213,true,true,229,249,19,true,3,Maharashtra,""
214,false,false,34,35,0,false,4,Rajasthan,"mutation_complete;encumbrance_free;jurisdiction_mismatch"
215,true,true,222,237,14,true,1,Karnataka,""
216,true,true,208,224,15,true,6,Uttar_Pradesh,""
217,true,true,218,237,18,true,4,Rajasthan,""
218,true,true,201,214,13,true,4,Rajasthan,""
219,true,true,203,218,14,true,4,Rajasthan,""
220,true,true,218,233,14,true,6,Uttar_Pradesh,""
221,false,false,29,30,0,false,4,Rajasthan,"kyc_pass;jurisdiction_eligible;jurisdiction_mismatch"
222,false,false,32,33,0,false,5,Chandigarh,"kyc_pass;encumbrance_free;tax_paid;jurisdiction_eligible;jurisdiction_mismatch"
223,true,true,214,228,13,true,4,Rajasthan,""
224,true,true,221,239,17,true,2,Telangana,""
225,true,true,207,222,14,true,5,Chandigarh,""
226,false,false,31,31,0,false,0,Delhi,"mutation_complete;jurisdiction_mismatch"
227,true,true,233,246,13,true,2,Telangana,""
228,true,true,224,239,15,true,6,Uttar_Pradesh,""
229,false,false,30,30,0,false,6,Uttar_Pradesh,"kyc_pass;title_valid;encumbrance_free;tax_paid;jurisdiction_mismatch"
230,false,false,33,34,0,false,1,Karnataka,"registry_verified;mutation_complete;jurisdiction_eligible;jurisdiction_mismatch"
231,true,true,215,229,13,true,5,Chandigarh,""
232,false,false,32,33,0,false,4,Rajasthan,"kyc_pass;registry_verified;tax_paid;zoning_compliant;jurisdiction_mismatch"
233,true,true,221,234,12,true,5,Chandigarh,""
234,false,false,27,28,0,false,2,Telangana,"registry_verified;mutation_complete;jurisdiction_mismatch"
235,true,true,192,206,13,true,4,Rajasthan,""
236,true,true,197,210,13,true,1,Karnataka,""
237,true,true,235,252,16,true,3,Maharashtra,""
238,true,true,198,212,13,true,3,Maharashtra,""
239,true,true,201,215,13,true,4,Rajasthan,""
240,true,true,219,235,15,true,6,Uttar_Pradesh,""
241,true,true,204,216,12,true,5,Chandigarh,""
242,true,true,202,215,12,true,3,Maharashtra,""
243,true,true,205,219,13,true,3,Maharashtra,""
244,true,true,193,205,12,true,4,Rajasthan,""
245,true,true,221,237,15,true,7,Gujarat,""
246,true,true,220,235,14,true,4,Rajasthan,""
247,false,false,35,35,0,false,4,Rajasthan,"encumbrance_free;tax_paid;jurisdiction_mismatch"
248,true,true,212,228,15,true,6,Uttar_Pradesh,""
249,true,true,200,214,13,true,0,Delhi,""
250,true,true,209,225,15,true,1,Karnataka,""
251,true,true,200,214,13,true,7,Gujarat,""
252,true,true,190,202,12,true,2,Telangana,""
253,true,true,222,237,15,true,1,Karnataka,""
254,true,true,234,249,14,true,3,Maharashtra,""
255,true,true,213,226,13,true,0,Delhi,""
256,true,true,212,226,13,true,7,Gujarat,""
257,true,true,216,232,15,true,3,Maharashtra,""
258,true,true,205,222,16,true,3,Maharashtra,""
259,true,true,217,231,14,true,7,Gujarat,""
260,true,true,207,221,13,true,7,Gujarat,""
261,true,true,225,237,12,true,7,Gujarat,""
262,false,false,32,32,0,false,3,Maharashtra,"registry_verified;mutation_complete;jurisdiction_eligible;jurisdiction_mismatch"
263,false,false,35,36,0,false,4,Rajasthan,"registry_verified;mutation_complete;encumbrance_free;jurisdiction_mismatch"
264,false,false,35,35,0,false,6,Uttar_Pradesh,"mutation_complete;jurisdiction_mismatch"
265,true,true,243,259,15,true,1,Karnataka,""
266,false,false,31,31,0,false,4,Rajasthan,"jurisdiction_eligible;jurisdiction_mismatch"
267,true,true,203,217,13,true,4,Rajasthan,""
268,true,true,229,243,13,true,6,Uttar_Pradesh,""
269,false,false,29,30,0,false,7,Gujarat,"kyc_pass;registry_verified;mutation_complete;tax_paid;jurisdiction_mismatch"
270,true,true,214,229,15,true,2,Telangana,""
271,true,true,236,251,15,true,3,Maharashtra,""
272,true,true,217,232,14,true,0,Delhi,""
273,false,false,32,32,0,false,4,Rajasthan,"zoning_compliant;jurisdiction_mismatch"
274,false,false,38,38,0,false,5,Chandigarh,"encumbrance_free;jurisdiction_mismatch"
275,true,true,228,245,17,true,2,Telangana,""
276,true,true,213,228,15,true,0,Delhi,""
277,true,true,219,232,13,true,0,Delhi,""
278,true,true,205,219,14,true,7,Gujarat,""
279,true,true,202,215,12,true,0,Delhi,""
280,true,true,192,207,14,true,1,Karnataka,""
281,false,false,30,30,0,false,4,Rajasthan,"kyc_pass;tax_paid;jurisdiction_eligible;jurisdiction_mismatch"
282,false,false,37,38,0,false,0,Delhi,"kyc_pass;title_valid;registry_verified;zoning_compliant;jurisdiction_mismatch"
283,true,true,235,249,14,true,7,Gujarat,""
284,true,true,197,210,13,true,2,Telangana,""
285,true,true,211,225,13,true,5,Chandigarh,""
286,true,true,217,231,13,true,6,Uttar_Pradesh,""
287,true,true,207,223,16,true,6,Uttar_Pradesh,""
288,false,false,33,33,0,false,0,Delhi,"kyc_pass;title_valid;jurisdiction_mismatch"
289,true,true,203,216,13,true,3,Maharashtra,""
290,true,true,206,220,13,true,4,Rajasthan,""
291,false,false,32,33,0,false,7,Gujarat,"title_valid;tax_paid;jurisdiction_eligible;jurisdiction_mismatch"
292,true,true,217,231,13,true,1,Karnataka,""
293,true,true,201,215,14,true,2,Telangana,""
294,true,true,211,225,13,true,7,Gujarat,""
295,true,true,214,227,13,true,6,Uttar_Pradesh,""
296,true,true,212,229,16,true,0,Delhi,""
297,true,true,196,209,13,true,5,Chandigarh,""
298,true,true,214,228,13,true,3,Maharashtra,""
299,false,false,33,34,0,false,1,Karnataka,"kyc_pass;registry_verified;encumbrance_free;jurisdiction_mismatch"
300,false,false,33,34,0,false,7,Gujarat,"kyc_pass;title_valid;encumbrance_free;zoning_compliant;jurisdiction_mismatch"
301,false,false,31,32,0,false,1,Karnataka,"kyc_pass;title_valid;tax_paid;jurisdiction_mismatch"
302,true,true,217,236,18,true,7,Gujarat,""
303,false,false,31,31,0,false,3,Maharashtra,"title_valid;registry_verified;mutation_complete;encumbrance_free;jurisdiction_mismatch"
304,true,true,222,236,13,true,5,Chandigarh,""
305,true,true,222,236,14,true,2,Telangana,""
306,true,true,204,221,16,true,2,Telangana,""
307,true,true,207,222,14,true,1,Karnataka,""
308,true,true,204,219,14,true,1,Karnataka,""
309,false,false,30,31,0,false,4,Rajasthan,"kyc_pass;registry_verified;tax_paid;jurisdiction_eligible;jurisdiction_mismatch"
310,true,true,238,251,12,true,1,Karnataka,""
311,true,true,223,237,13,true,7,Gujarat,""
312,true,true,238,253,14,true,2,Telangana,""
313,false,false,29,29,0,false,5,Chandigarh,"registry_verified;tax_paid;zoning_compliant;jurisdiction_eligible;jurisdiction_mismatch"
314,true,true,236,250,13,true,2,Telangana,""
315,true,true,205,218,13,true,5,Chandigarh,""
316,false,false,28,28,0,false,2,Telangana,"kyc_pass;tax_paid;zoning_compliant;jurisdiction_mismatch"
317,true,true,219,233,13,true,1,Karnataka,""
318,true,true,207,224,16,true,5,Chandigarh,""
319,false,false,32,32,0,false,0,Delhi,"title_valid;registry_verified;jurisdiction_mismatch"
320,true,true,209,223,14,true,5,Chandigarh,""
321,true,true,225,240,14,true,6,Uttar_Pradesh,""
322,true,true,225,239,14,true,7,Gujarat,""
323,true,true,197,211,13,true,2,Telangana,""
324,true,true,205,219,14,true,5,Chandigarh,""
325,true,true,241,257,15,true,4,Rajasthan,""
326,false,false,39,40,0,false,5,Chandigarh,"kyc_pass;mutation_complete;encumbrance_free;jurisdiction_mismatch"
327,true,true,223,239,15,true,4,Rajasthan,""
328,false,false,28,29,0,false,5,Chandigarh,"mutation_complete;encumbrance_free;jurisdiction_mismatch"
329,true,true,208,223,14,true,2,Telangana,""
330,true,true,244,258,13,true,0,Delhi,""
331,true,true,209,221,12,true,2,Telangana,""
332,true,true,259,278,18,true,3,Maharashtra,""
333,false,false,36,37,0,false,1,Karnataka,"kyc_pass;encumbrance_free;tax_paid;jurisdiction_mismatch"
334,false,false,35,36,0,false,0,Delhi,"registry_verified;zoning_compliant;jurisdiction_eligible;jurisdiction_mismatch"
335,true,true,234,239,4,true,7,Gujarat,""
336,true,true,225,240,15,true,1,Karnataka,""
337,true,true,235,250,14,true,1,Karnataka,""
338,true,true,237,254,16,true,5,Chandigarh,""
339,true,true,229,245,15,true,3,Maharashtra,""
340,true,true,240,254,13,true,7,Gujarat,""
341,true,true,189,203,14,true,1,Karnataka,""
342,false,false,29,29,0,false,7,Gujarat,"kyc_pass;jurisdiction_mismatch"
343,true,true,220,234,14,true,4,Rajasthan,""
344,true,true,242,256,14,true,7,Gujarat,""
345,false,false,26,27,0,false,6,Uttar_Pradesh,"title_valid;registry_verified;jurisdiction_mismatch"
346,true,true,223,240,16,true,3,Maharashtra,""
347,true,true,210,228,17,true,2,Telangana,""
348,true,true,250,264,14,true,0,Delhi,""
349,true,true,233,249,15,true,7,Gujarat,""
350,false,false,30,30,0,false,5,Chandigarh,"kyc_pass;title_valid;registry_verified;encumbrance_free;jurisdiction_mismatch"
351,false,false,35,36,0,false,5,Chandigarh,"mutation_complete;tax_paid;jurisdiction_mismatch"
352,true,true,222,236,14,true,3,Maharashtra,""
353,true,true,218,239,20,true,4,Rajasthan,""
354,true,true,248,265,16,true,7,Gujarat,""
355,false,false,34,35,0,false,2,Telangana,"kyc_pass;zoning_compliant;jurisdiction_mismatch"
356,true,true,239,253,13,true,4,Rajasthan,""
357,true,true,207,225,17,true,2,Telangana,""
358,true,true,226,242,15,true,0,Delhi,""
359,true,true,225,242,17,true,2,Telangana,""
360,true,true,227,241,13,true,6,Uttar_Pradesh,""
361,true,true,186,201,14,true,6,Uttar_Pradesh,""
362,true,true,240,255,14,true,5,Chandigarh,""
363,true,true,213,229,16,true,6,Uttar_Pradesh,""
364,true,true,201,217,15,true,1,Karnataka,""
365,true,true,219,233,14,true,3,Maharashtra,""
366,false,false,30,30,0,false,1,Karnataka,"kyc_pass;jurisdiction_mismatch"
367,true,true,201,218,17,true,6,Uttar_Pradesh,""
368,false,false,32,32,0,false,6,Uttar_Pradesh,"kyc_pass;registry_verified;zoning_compliant;jurisdiction_eligible;jurisdiction_mismatch"
369,true,true,211,224,12,true,2,Telangana,""
370,true,true,224,238,13,true,0,Delhi,""
371,true,true,212,226,13,true,7,Gujarat,""
372,false,false,29,30,0,false,1,Karnataka,"kyc_pass;title_valid;tax_paid;zoning_compliant;jurisdiction_mismatch"
373,false,false,33,33,0,false,6,Uttar_Pradesh,"kyc_pass;title_valid;encumbrance_free;jurisdiction_mismatch"
374,true,true,249,263,13,true,0,Delhi,""
375,true,true,204,216,12,true,7,Gujarat,""
376,true,true,207,221,13,true,6,Uttar_Pradesh,""
377,true,true,217,232,14,true,1,Karnataka,""
378,true,true,207,224,16,true,1,Karnataka,""
379,true,true,200,215,15,true,7,Gujarat,""
380,false,false,37,38,0,false,3,Maharashtra,"kyc_pass;jurisdiction_mismatch"
381,false,false,37,37,0,false,5,Chandigarh,"mutation_complete;tax_paid;zoning_compliant;jurisdiction_eligible;jurisdiction_mismatch"
382,false,false,40,41,0,false,6,Uttar_Pradesh,"jurisdiction_eligible;jurisdiction_mismatch"
383,true,true,236,252,15,true,4,Rajasthan,""
384,false,false,28,28,0,false,6,Uttar_Pradesh,"kyc_pass;zoning_compliant;jurisdiction_mismatch"
385,true,true,213,227,13,true,5,Chandigarh,""
386,true,true,210,225,14,true,0,Delhi,""
387,false,false,28,28,0,false,4,Rajasthan,"tax_paid;jurisdiction_mismatch"
388,true,true,202,215,12,true,3,Maharashtra,""
389,true,true,201,222,20,true,1,Karnataka,""
390,true,true,198,213,15,true,2,Telangana,""
391,true,true,229,243,13,true,1,Karnataka,""
392,true,true,235,248,12,true,4,Rajasthan,""
393,false,false,28,29,0,false,6,Uttar_Pradesh,"kyc_pass;jurisdiction_mismatch"
394,true,true,228,242,13,true,1,Karnataka,""
395,true,true,201,215,13,true,1,Karnataka,""
396,true,true,233,252,18,true,1,Karnataka,""
397,true,true,213,227,13,true,6,Uttar_Pradesh,""
398,true,true,223,237,13,true,5,Chandigarh,""
399,true,true,221,237,15,true,7,Gujarat,""
400,false,false,34,34,0,false,5,Chandigarh,"tax_paid;zoning_compliant;jurisdiction_mismatch"
401,true,true,201,214,13,true,7,Gujarat,""
402,false,false,30,30,0,false,1,Karnataka,"encumbrance_free;jurisdiction_eligible;jurisdiction_mismatch"
403,true,true,206,218,12,true,3,Maharashtra,""
404,true,true,215,230,14,true,7,Gujarat,""
405,true,true,231,245,13,true,3,Maharashtra,""
406,false,false,31,31,0,false,5,Chandigarh,"mutation_complete;tax_paid;jurisdiction_mismatch"
407,true,true,256,271,15,true,0,Delhi,""
408,true,true,204,217,13,true,2,Telangana,""
409,true,true,241,256,15,true,2,Telangana,""
410,true,true,215,229,13,true,0,Delhi,""
411,false,false,29,30,0,false,3,Maharashtra,"registry_verified;jurisdiction_mismatch"
412,false,false,36,37,0,false,2,Telangana,"mutation_complete;jurisdiction_mismatch"
413,false,false,38,38,0,false,0,Delhi,"kyc_pass;title_valid;tax_paid;zoning_compliant;jurisdiction_mismatch"
414,true,true,191,206,14,true,2,Telangana,""
415,true,true,227,240,13,true,4,Rajasthan,""
416,true,true,207,220,12,true,3,Maharashtra,""
417,true,true,226,243,16,true,7,Gujarat,""
418,true,true,231,246,14,true,4,Rajasthan,""
419,true,true,203,216,13,true,3,Maharashtra,""
420,false,false,29,30,0,false,0,Delhi,"title_valid;jurisdiction_mismatch"
421,true,true,238,251,13,true,4,Rajasthan,""
422,true,true,212,227,14,true,0,Delhi,""
423,false,false,30,30,0,false,2,Telangana,"title_valid;jurisdiction_mismatch"
424,true,true,226,241,14,true,7,Gujarat,""
425,true,true,223,235,12,true,5,Chandigarh,""
426,true,true,234,248,13,true,6,Uttar_Pradesh,""
427,true,true,197,212,14,true,3,Maharashtra,""
428,true,true,236,250,14,true,4,Rajasthan,""
429,false,false,37,38,0,false,6,Uttar_Pradesh,"mutation_complete;encumbrance_free;tax_paid;jurisdiction_eligible;jurisdiction_mismatch"
430,true,true,205,219,13,true,7,Gujarat,""
431,true,true,208,221,12,true,4,Rajasthan,""
432,true,true,237,256,18,true,5,Chandigarh,""
433,true,true,217,231,13,true,0,Delhi,""
434,true,true,229,245,15,true,0,Delhi,""
435,true,true,239,252,13,true,3,Maharashtra,""
436,true,true,227,241,13,true,7,Gujarat,""
437,true,true,215,229,13,true,3,Maharashtra,""
438,true,true,190,205,15,true,2,Telangana,""
439,true,true,209,224,15,true,4,Rajasthan,""
440,false,false,33,34,0,false,1,Karnataka,"kyc_pass;title_valid;registry_verified;jurisdiction_eligible;jurisdiction_mismatch"
441,true,true,194,208,14,true,1,Karnataka,""
442,false,false,32,33,0,false,7,Gujarat,"registry_verified;mutation_complete;jurisdiction_mismatch"
443,true,true,220,234,13,true,2,Telangana,""
444,true,true,224,239,14,true,1,Karnataka,""
445,true,true,265,279,14,true,2,Telangana,""
446,true,true,215,229,13,true,0,Delhi,""
447,false,false,32,33,0,false,1,Karnataka,"kyc_pass;title_valid;jurisdiction_mismatch"
448,true,true,225,239,14,true,4,Rajasthan,""
449,true,true,226,242,16,true,7,Gujarat,""
450,true,true,217,230,13,true,1,Karnataka,""
451,false,false,29,30,0,false,2,Telangana,"kyc_pass;jurisdiction_mismatch"
452,true,true,239,254,15,true,1,Karnataka,""
453,true,true,232,246,14,true,4,Rajasthan,""
454,true,true,210,223,12,true,0,Delhi,""
455,true,true,203,223,19,true,1,Karnataka,""
456,false,false,35,36,0,false,2,Telangana,"kyc_pass;title_valid;zoning_compliant;jurisdiction_mismatch"
457,false,false,38,39,0,false,0,Delhi,"title_valid;mutation_complete;tax_paid;jurisdiction_eligible;jurisdiction_mismatch"
458,true,true,213,227,13,true,1,Karnataka,""
459,true,true,201,214,13,true,1,Karnataka,""
460,false,false,31,32,0,false,0,Delhi,"encumbrance_free;jurisdiction_mismatch"
461,true,true,212,227,15,true,2,Telangana,""
462,true,true,218,236,17,true,3,Maharashtra,""
463,true,true,211,225,13,true,7,Gujarat,""
464,false,false,31,32,0,false,6,Uttar_Pradesh,"mutation_complete;encumbrance_free;zoning_compliant;jurisdiction_eligible;jurisdiction_mismatch"
465,true,true,218,231,13,true,5,Chandigarh,""
466,true,true,193,205,12,true,1,Karnataka,""
467,true,true,225,241,15,true,7,Gujarat,""
468,true,true,221,234,13,true,6,Uttar_Pradesh,""
469,false,false,33,33,0,false,2,Telangana,"title_valid;mutation_complete;zoning_compliant;jurisdiction_mismatch"
470,true,true,225,239,14,true,4,Rajasthan,""
471,true,true,207,220,13,true,0,Delhi,""
472,true,true,230,247,16,true,3,Maharashtra,""
473,false,false,35,35,0,false,4,Rajasthan,"jurisdiction_eligible;jurisdiction_mismatch"
474,true,true,248,268,19,true,0,Delhi,""
475,true,true,224,239,14,true,5,Chandigarh,""
476,true,true,204,220,15,true,4,Rajasthan,""
477,true,true,191,205,13,true,7,Gujarat,""
478,true,true,202,216,14,true,4,Rajasthan,""
479,false,false,29,30,0,false,2,Telangana,"mutation_complete;jurisdiction_mismatch"
480,true,true,194,208,13,true,7,Gujarat,""
481,true,true,247,263,15,true,0,Delhi,""
482,false,false,31,32,0,false,6,Uttar_Pradesh,"kyc_pass;registry_verified;mutation_complete;jurisdiction_mismatch"
483,true,true,209,223,13,true,2,Telangana,""
484,true,true,211,225,14,true,0,Delhi,""
485,true,true,192,206,14,true,0,Delhi,""
486,false,false,33,33,0,false,4,Rajasthan,"registry_verified;jurisdiction_mismatch"
487,true,true,237,253,15,true,4,Rajasthan,""
488,true,true,221,236,14,true,1,Karnataka,""
489,false,false,29,30,0,false,1,Karnataka,"kyc_pass;title_valid;tax_paid;jurisdiction_mismatch"
490,true,true,238,253,14,true,2,Telangana,""
491,true,true,213,227,13,true,0,Delhi,""
492,true,true,238,254,15,true,6,Uttar_Pradesh,""
493,true,true,196,210,13,true,6,Uttar_Pradesh,""
494,true,true,204,219,15,true,3,Maharashtra,""
495,false,false,35,36,0,false,4,Rajasthan,"mutation_complete;encumbrance_free;jurisdiction_mismatch"
496,true,true,204,220,15,true,5,Chandigarh,""
497,true,true,212,226,13,true,5,Chandigarh,""
498,true,true,232,248,15,true,6,Uttar_Pradesh,""
499,true,true,212,228,15,true,4,Rajasthan,""
500,true,true,228,242,13,true,6,Uttar_Pradesh,""
501,true,true,223,238,15,true,1,Karnataka,""
502,false,false,39,40,0,false,0,Delhi,"kyc_pass;registry_verified;tax_paid;jurisdiction_eligible;jurisdiction_mismatch"
503,false,false,40,41,0,false,1,Karnataka,"kyc_pass;registry_verified;jurisdiction_mismatch"
504,true,true,221,236,14,true,1,Karnataka,""
505,true,true,205,219,14,true,2,Telangana,""
506,false,false,28,29,0,false,6,Uttar_Pradesh,"registry_verified;mutation_complete;tax_paid;jurisdiction_mismatch"
507,true,true,233,247,13,true,0,Delhi,""
508,false,false,32,32,0,false,4,Rajasthan,"kyc_pass;zoning_compliant;jurisdiction_eligible;jurisdiction_mismatch"
509,true,true,209,223,13,true,5,Chandigarh,""
510,false,false,28,29,0,false,6,Uttar_Pradesh,"mutation_complete;jurisdiction_mismatch"
511,true,true,207,223,15,true,7,Gujarat,""
512,true,true,218,232,13,true,3,Maharashtra,""
513,true,true,227,241,13,true,5,Chandigarh,""
514,false,false,28,29,0,false,1,Karnataka,"mutation_complete;jurisdiction_mismatch"
515,true,true,221,238,16,true,0,Delhi,""
516,false,false,27,27,0,false,7,Gujarat,"kyc_pass;registry_verified;jurisdiction_eligible;jurisdiction_mismatch"
517,false,false,37,38,0,false,3,Maharashtra,"mutation_complete;jurisdiction_mismatch"
518,false,false,44,44,0,false,3,Maharashtra,"tax_paid;zoning_compliant;jurisdiction_mismatch"
519,true,true,199,211,12,true,7,Gujarat,""
520,true,true,216,231,14,true,1,Karnataka,""
521,false,false,29,29,0,false,2,Telangana,"encumbrance_free;tax_paid;zoning_compliant;jurisdiction_mismatch"
522,false,false,34,35,0,false,5,Chandigarh,"jurisdiction_eligible;jurisdiction_mismatch"
523,false,false,33,34,0,false,5,Chandigarh,"kyc_pass;title_valid;registry_verified;encumbrance_free;jurisdiction_mismatch"
524,true,true,204,217,12,true,1,Karnataka,""
525,false,false,34,35,0,false,6,Uttar_Pradesh,"kyc_pass;mutation_complete;encumbrance_free;jurisdiction_mismatch"
526,false,false,34,34,0,false,5,Chandigarh,"kyc_pass;title_valid;encumbrance_free;jurisdiction_eligible;jurisdiction_mismatch"
527,false,false,34,35,0,false,6,Uttar_Pradesh,"title_valid;zoning_compliant;jurisdiction_mismatch"
528,false,false,35,36,0,false,5,Chandigarh,"kyc_pass;title_valid;mutation_complete;zoning_compliant;jurisdiction_mismatch"
529,true,true,202,217,14,true,0,Delhi,""
530,true,true,236,251,14,true,3,Maharashtra,""
531,true,true,192,206,14,true,2,Telangana,""
532,true,true,204,219,14,true,6,Uttar_Pradesh,""
533,false,false,31,31,0,false,6,Uttar_Pradesh,"title_valid;registry_verified;jurisdiction_mismatch"
534,false,false,34,35,0,false,4,Rajasthan,"kyc_pass;zoning_compliant;jurisdiction_mismatch"
535,true,true,218,233,14,true,3,Maharashtra,""
536,true,true,221,237,15,true,0,Delhi,""
537,true,true,238,251,13,true,0,Delhi,""
538,true,true,229,244,15,true,7,Gujarat,""
539,false,false,35,35,0,false,7,Gujarat,"kyc_pass;title_valid;encumbrance_free;jurisdiction_eligible;jurisdiction_mismatch"
540,true,true,240,256,16,true,2,Telangana,""
541,false,false,33,33,0,false,6,Uttar_Pradesh,"registry_verified;mutation_complete;encumbrance_free;jurisdiction_eligible;jurisdiction_mismatch"
542,true,true,217,231,13,true,3,Maharashtra,""
543,false,false,41,41,0,false,0,Delhi,"kyc_pass;mutation_complete;encumbrance_free;jurisdiction_mismatch"
544,false,false,42,43,0,false,7,Gujarat,"kyc_pass;title_valid;jurisdiction_mismatch"
545,true,true,217,230,12,true,1,Karnataka,""
546,true,true,230,244,13,true,7,Gujarat,""
547,true,true,235,250,14,true,6,Uttar_Pradesh,""
548,false,false,29,30,0,false,5,Chandigarh,"mutation_complete;jurisdiction_mismatch"
549,false,false,36,37,0,false,1,Karnataka,"tax_paid;jurisdiction_mismatch"
550,true,true,201,215,14,true,3,Maharashtra,""
551,true,true,215,227,12,true,3,Maharashtra,""
552,false,false,37,38,0,false,5,Chandigarh,"title_valid;zoning_compliant;jurisdiction_eligible;jurisdiction_mismatch"
553,true,true,197,211,14,true,4,Rajasthan,""
554,true,true,197,210,12,true,7,Gujarat,""
555,true,true,228,244,15,true,3,Maharashtra,""
556,true,true,222,238,16,true,1,Karnataka,""
557,false,false,30,31,0,false,6,Uttar_Pradesh,"title_valid;mutation_complete;jurisdiction_mismatch"
558,true,true,226,240,14,true,3,Maharashtra,""
559,true,true,232,245,13,true,0,Delhi,""
560,false,false,30,30,0,false,6,Uttar_Pradesh,"kyc_pass;title_valid;mutation_complete;tax_paid;jurisdiction_mismatch"
561,true,true,208,223,14,true,6,Uttar_Pradesh,""
562,false,false,30,30,0,false,7,Gujarat,"kyc_pass;title_valid;zoning_compliant;jurisdiction_mismatch"
563,true,true,247,263,15,true,5,Chandigarh,""
564,true,true,209,223,13,true,0,Delhi,""
565,true,true,198,216,17,true,6,Uttar_Pradesh,""
566,false,false,34,35,0,false,4,Rajasthan,"jurisdiction_eligible;jurisdiction_mismatch"
567,true,true,200,215,14,true,5,Chandigarh,""
568,false,false,29,29,0,false,2,Telangana,"title_valid;registry_verified;tax_paid;jurisdiction_eligible;jurisdiction_mismatch"
569,true,true,240,255,15,true,2,Telangana,""
570,true,true,197,212,14,true,7,Gujarat,""
571,true,true,212,228,16,true,3,Maharashtra,""
572,true,true,227,242,14,true,3,Maharashtra,""
573,false,false,31,31,0,false,5,Chandigarh,"kyc_pass;encumbrance_free;tax_paid;jurisdiction_eligible;jurisdiction_mismatch"
574,false,false,33,33,0,false,0,Delhi,"encumbrance_free;jurisdiction_mismatch"
575,true,true,224,239,14,true,7,Gujarat,""
576,true,true,228,241,12,true,3,Maharashtra,""
577,true,true,208,223,14,true,0,Delhi,""
578,true,true,207,222,14,true,4,Rajasthan,""
579,false,false,32,33,0,false,2,Telangana,"mutation_complete;zoning_compliant;jurisdiction_eligible;jurisdiction_mismatch"
580,true,true,219,234,15,true,5,Chandigarh,""
581,true,true,205,219,13,true,4,Rajasthan,""
582,false,false,29,29,0,false,2,Telangana,"tax_paid;jurisdiction_eligible;jurisdiction_mismatch"
583,false,false,37,38,0,false,1,Karnataka,"registry_verified;mutation_complete;encumbrance_free;zoning_compliant;jurisdiction_mismatch"
584,false,false,36,36,0,false,5,Chandigarh,"registry_verified;encumbrance_free;zoning_compliant;jurisdiction_eligible;jurisdiction_mismatch"
585,true,true,212,227,14,true,6,Uttar_Pradesh,""
586,true,true,202,215,12,true,2,Telangana,""
587,false,false,27,28,0,false,4,Rajasthan,"mutation_complete;jurisdiction_mismatch"
588,true,true,210,227,16,true,4,Rajasthan,""
589,true,true,199,212,13,true,1,Karnataka,""
590,true,true,282,299,16,true,7,Gujarat,""
591,true,true,205,219,13,true,5,Chandigarh,""
592,true,true,224,241,17,true,2,Telangana,""
593,true,true,236,249,13,true,4,Rajasthan,""
594,true,true,246,262,16,true,4,Rajasthan,""
595,false,false,34,34,0,false,1,Karnataka,"mutation_complete;tax_paid;zoning_compliant;jurisdiction_mismatch"
596,true,true,211,225,13,true,0,Delhi,""
597,false,false,31,31,0,false,5,Chandigarh,"kyc_pass;registry_verified;mutation_complete;jurisdiction_mismatch"
598,false,false,31,31,0,false,5,Chandigarh,"zoning_compliant;jurisdiction_eligible;jurisdiction_mismatch"
599,false,false,31,32,0,false,3,Maharashtra,"kyc_pass;title_valid;jurisdiction_mismatch"
600,true,true,189,202,13,true,3,Maharashtra,""
601,true,true,208,222,14,true,3,Maharashtra,""
602,true,true,221,234,13,true,7,Gujarat,""
603,false,false,31,32,0,false,6,Uttar_Pradesh,"kyc_pass;mutation_complete;tax_paid;jurisdiction_eligible;jurisdiction_mismatch"
604,false,false,34,34,0,false,1,Karnataka,"zoning_compliant;jurisdiction_mismatch"
605,true,true,203,216,12,true,7,Gujarat,""
606,true,true,243,262,18,true,2,Telangana,""
607,false,false,31,31,0,false,4,Rajasthan,"encumbrance_free;jurisdiction_mismatch"
608,true,true,224,239,15,true,0,Delhi,""
609,false,false,29,30,0,false,0,Delhi,"kyc_pass;encumbrance_free;zoning_compliant;jurisdiction_eligible;jurisdiction_mismatch"
610,true,true,211,228,16,true,2,Telangana,""
611,true,true,210,224,14,true,5,Chandigarh,""
612,false,false,33,33,0,false,5,Chandigarh,"kyc_pass;title_valid;jurisdiction_mismatch"
613,true,true,211,227,15,true,1,Karnataka,""
614,true,true,209,222,13,true,7,Gujarat,""
615,false,false,32,33,0,false,5,Chandigarh,"registry_verified;encumbrance_free;zoning_compliant;jurisdiction_eligible;jurisdiction_mismatch"
616,false,false,43,44,0,false,4,Rajasthan,"kyc_pass;encumbrance_free;tax_paid;jurisdiction_mismatch"
617,false,false,33,33,0,false,5,Chandigarh,"kyc_pass;registry_verified;mutation_complete;tax_paid;jurisdiction_mismatch"
618,false,false,34,35,0,false,6,Uttar_Pradesh,"tax_paid;jurisdiction_mismatch"
619,true,true,215,231,15,true,6,Uttar_Pradesh,""
620,false,false,31,32,0,false,2,Telangana,"kyc_pass;jurisdiction_mismatch"
621,true,true,237,252,15,true,0,Delhi,""
622,true,true,228,241,13,true,2,Telangana,""
623,true,true,200,215,14,true,7,Gujarat,""
624,true,true,216,231,14,true,6,Uttar_Pradesh,""
625,true,true,192,205,12,true,5,Chandigarh,""
626,false,false,28,29,0,false,4,Rajasthan,"zoning_compliant;jurisdiction_mismatch"
627,true,true,222,237,14,true,1,Karnataka,""
628,false,false,31,31,0,false,1,Karnataka,"registry_verified;encumbrance_free;tax_paid;jurisdiction_eligible;jurisdiction_mismatch"
629,true,true,233,247,14,true,1,Karnataka,""
630,false,false,28,29,0,false,6,Uttar_Pradesh,"registry_verified;jurisdiction_eligible;jurisdiction_mismatch"
631,true,true,222,239,16,true,2,Telangana,""
632,true,true,236,249,13,true,5,Chandigarh,""
633,true,true,230,247,16,true,1,Karnataka,""
634,false,false,31,31,0,false,3,Maharashtra,"kyc_pass;title_valid;zoning_compliant;jurisdiction_eligible;jurisdiction_mismatch"
635,true,true,214,227,12,true,7,Gujarat,""
636,true,true,225,239,13,true,0,Delhi,""
637,true,true,230,243,12,true,7,Gujarat,""
638,true,true,227,242,14,true,6,Uttar_Pradesh,""
639,false,false,33,34,0,false,7,Gujarat,"zoning_compliant;jurisdiction_mismatch"
640,false,false,33,34,0,false,4,Rajasthan,"encumbrance_free;jurisdiction_eligible;jurisdiction_mismatch"
641,true,true,206,222,15,true,0,Delhi,""
642,false,false,29,29,0,false,3,Maharashtra,"jurisdiction_eligible;jurisdiction_mismatch"
643,false,false,36,37,0,false,6,Uttar_Pradesh,"kyc_pass;title_valid;registry_verified;mutation_complete;jurisdiction_mismatch"
644,true,true,242,257,14,true,4,Rajasthan,""
645,false,false,30,30,0,false,5,Chandigarh,"title_valid;registry_verified;jurisdiction_mismatch"
646,false,false,33,34,0,false,7,Gujarat,"registry_verified;mutation_complete;zoning_compliant;jurisdiction_eligible;jurisdiction_mismatch"
647,true,true,241,256,13,true,6,Uttar_Pradesh,""
648,false,false,32,33,0,false,6,Uttar_Pradesh,"kyc_pass;title_valid;jurisdiction_eligible;jurisdiction_mismatch"
649,false,false,35,35,0,false,0,Delhi,"kyc_pass;mutation_complete;jurisdiction_eligible;jurisdiction_mismatch"
650,true,true,226,240,13,true,5,Chandigarh,""
651,true,true,210,226,15,true,2,Telangana,""
652,false,false,31,31,0,false,7,Gujarat,"tax_paid;jurisdiction_eligible;jurisdiction_mismatch"
653,false,false,36,37,0,false,6,Uttar_Pradesh,"registry_verified;mutation_complete;encumbrance_free;tax_paid;jurisdiction_mismatch"
654,true,true,205,220,14,true,4,Rajasthan,""
655,false,false,27,28,0,false,3,Maharashtra,"mutation_complete;encumbrance_free;jurisdiction_mismatch"
656,false,false,34,35,0,false,3,Maharashtra,"kyc_pass;mutation_complete;tax_paid;jurisdiction_eligible;jurisdiction_mismatch"
657,true,true,220,233,13,true,7,Gujarat,""
658,false,false,30,31,0,false,5,Chandigarh,"jurisdiction_eligible;jurisdiction_mismatch"
659,true,true,212,227,15,true,0,Delhi,""
660,true,true,216,232,16,true,1,Karnataka,""
661,true,true,253,266,13,true,6,Uttar_Pradesh,""
662,true,true,239,253,14,true,0,Delhi,""
663,false,false,29,30,0,false,0,Delhi,"title_valid;mutation_complete;jurisdiction_eligible;jurisdiction_mismatch"
664,true,true,230,247,16,true,1,Karnataka,""
665,false,false,31,31,0,false,7,Gujarat,"kyc_pass;title_valid;registry_verified;jurisdiction_eligible;jurisdiction_mismatch"
666,true,true,211,228,16,true,2,Telangana,""
667,false,false,34,34,0,false,4,Rajasthan,"kyc_pass;title_valid;mutation_complete;encumbrance_free;jurisdiction_mismatch"
668,false,false,37,37,0,false,3,Maharashtra,"title_valid;registry_verified;encumbrance_free;jurisdiction_eligible;jurisdiction_mismatch"
669,false,false,42,43,0,false,1,Karnataka,"registry_verified;mutation_complete;zoning_compliant;jurisdiction_eligible;jurisdiction_mismatch"
670,false,false,36,37,0,false,4,Rajasthan,"jurisdiction_eligible;jurisdiction_mismatch"
671,true,true,233,247,13,true,4,Rajasthan,""
672,false,false,31,32,0,false,5,Chandigarh,"tax_paid;jurisdiction_mismatch"
673,false,false,45,46,0,false,6,Uttar_Pradesh,"mutation_complete;jurisdiction_eligible;jurisdiction_mismatch"
674,false,false,40,41,0,false,3,Maharashtra,"zoning_compliant;jurisdiction_mismatch"
675,false,false,37,37,0,false,2,Telangana,"kyc_pass;title_valid;registry_verified;mutation_complete;jurisdiction_mismatch"
676,true,true,234,248,13,true,4,Rajasthan,""
677,false,false,34,34,0,false,3,Maharashtra,"mutation_complete;encumbrance_free;tax_paid;jurisdiction_mismatch"
678,false,false,44,45,0,false,5,Chandigarh,"encumbrance_free;jurisdiction_eligible;jurisdiction_mismatch"
679,true,true,209,224,14,true,2,Telangana,""
680,true,true,247,261,13,true,1,Karnataka,""
681,true,true,201,216,14,true,7,Gujarat,""
682,false,false,28,29,0,false,2,Telangana,"kyc_pass;jurisdiction_mismatch"
683,false,false,35,36,0,false,2,Telangana,"mutation_complete;encumbrance_free;tax_paid;jurisdiction_mismatch"
684,true,true,237,253,15,true,4,Rajasthan,""
685,true,true,213,230,17,true,4,Rajasthan,""
686,true,true,234,248,13,true,7,Gujarat,""
687,true,true,213,228,14,true,7,Gujarat,""
688,true,true,215,228,12,true,7,Gujarat,""
689,true,true,203,217,13,true,0,Delhi,""
690,true,true,228,241,13,true,5,Chandigarh,""
691,true,true,216,234,17,true,4,Rajasthan,""
692,true,true,222,236,13,true,4,Rajasthan,""
693,false,false,28,28,0,false,1,Karnataka,"kyc_pass;title_valid;zoning_compliant;jurisdiction_eligible;jurisdiction_mismatch"
694,false,false,35,36,0,false,2,Telangana,"jurisdiction_eligible;jurisdiction_mismatch"
695,true,true,234,250,16,true,4,Rajasthan,""
696,true,true,224,238,13,true,5,Chandigarh,""
697,true,true,223,237,14,true,2,Telangana,""
698,true,true,228,242,13,true,7,Gujarat,""
699,true,true,205,219,13,true,1,Karnataka,""
700,true,true,212,225,12,true,6,Uttar_Pradesh,""
701,false,false,29,30,0,false,5,Chandigarh,"encumbrance_free;tax_paid;jurisdiction_eligible;jurisdiction_mismatch"
702,false,false,33,34,0,false,1,Karnataka,"kyc_pass;tax_paid;jurisdiction_eligible;jurisdiction_mismatch"
703,true,true,221,240,18,true,7,Gujarat,""
704,true,true,202,215,13,true,2,Telangana,""
705,false,false,28,28,0,false,6,Uttar_Pradesh,"kyc_pass;tax_paid;zoning_compliant;jurisdiction_mismatch"
706,true,true,207,221,13,true,0,Delhi,""
707,false,false,28,28,0,false,1,Karnataka,"kyc_pass;jurisdiction_eligible;jurisdiction_mismatch"
708,true,true,198,213,15,true,2,Telangana,""
709,true,true,236,249,13,true,4,Rajasthan,""
710,true,true,213,227,14,true,1,Karnataka,""
711,true,true,213,229,15,true,6,Uttar_Pradesh,""
712,true,true,228,243,15,true,4,Rajasthan,""
713,false,false,35,36,0,false,0,Delhi,"kyc_pass;title_valid;registry_verified;encumbrance_free;jurisdiction_mismatch"
714,false,false,32,32,0,false,3,Maharashtra,"title_valid;jurisdiction_mismatch"
715,false,false,30,31,0,false,0,Delhi,"registry_verified;mutation_complete;encumbrance_free;jurisdiction_mismatch"
716,false,false,32,33,0,false,5,Chandigarh,"kyc_pass;title_valid;registry_verified;jurisdiction_mismatch"
717,true,true,236,252,15,true,5,Chandigarh,""
718,true,true,247,261,14,true,4,Rajasthan,""
719,true,true,202,215,12,true,1,Karnataka,""
720,false,false,39,40,0,false,6,Uttar_Pradesh,"kyc_pass;jurisdiction_mismatch"
721,true,true,227,241,13,true,2,Telangana,""
722,true,true,222,236,14,true,7,Gujarat,""
723,false,false,34,34,0,false,4,Rajasthan,"kyc_pass;mutation_complete;encumbrance_free;tax_paid;jurisdiction_mismatch"
724,true,true,208,222,13,true,3,Maharashtra,""
725,true,true,224,238,13,true,7,Gujarat,""
726,false,false,31,32,0,false,2,Telangana,"kyc_pass;title_valid;zoning_compliant;jurisdiction_eligible;jurisdiction_mismatch"
727,true,true,239,253,13,true,3,Maharashtra,""
728,true,true,224,245,20,true,4,Rajasthan,""
729,true,true,202,214,12,true,1,Karnataka,""
730,true,true,229,243,13,true,5,Chandigarh,""
731,true,true,210,223,13,true,5,Chandigarh,""
732,true,true,208,222,14,true,2,Telangana,""
733,false,false,30,31,0,false,4,Rajasthan,"kyc_pass;title_valid;jurisdiction_eligible;jurisdiction_mismatch"
734,true,true,212,229,16,true,7,Gujarat,""
735,true,true,231,243,12,true,4,Rajasthan,""
736,true,true,196,210,13,true,0,Delhi,""
737,true,true,212,226,13,true,0,Delhi,""
738,true,true,217,235,17,true,7,Gujarat,""
739,true,true,241,255,13,true,5,Chandigarh,""
740,true,true,232,246,14,true,7,Gujarat,""
741,true,true,238,252,13,true,0,Delhi,""
742,false,false,37,38,0,false,2,Telangana,"registry_verified;mutation_complete;tax_paid;zoning_compliant;jurisdiction_mismatch"
743,true,true,235,252,16,true,6,Uttar_Pradesh,""
744,true,true,225,241,15,true,6,Uttar_Pradesh,""
745,true,true,207,222,14,true,5,Chandigarh,""
746,false,false,31,32,0,false,7,Gujarat,"zoning_compliant;jurisdiction_mismatch"
747,true,true,196,209,12,true,5,Chandigarh,""
748,true,true,195,209,13,true,7,Gujarat,""
749,false,false,30,31,0,false,0,Delhi,"kyc_pass;mutation_complete;zoning_compliant;jurisdiction_eligible;jurisdiction_mismatch"
750,true,true,208,223,14,true,5,Chandigarh,""
751,false,false,32,32,0,false,4,Rajasthan,"kyc_pass;zoning_compliant;jurisdiction_mismatch"
752,true,true,209,221,12,true,7,Gujarat,""
753,false,false,28,28,0,false,2,Telangana,"registry_verified;mutation_complete;zoning_compliant;jurisdiction_eligible;jurisdiction_mismatch"
754,true,true,226,240,13,true,1,Karnataka,""
755,true,true,207,220,12,true,0,Delhi,""
756,true,true,197,211,13,true,7,Gujarat,""
757,false,false,34,34,0,false,4,Rajasthan,"mutation_complete;jurisdiction_mismatch"
758,true,true,199,212,13,true,1,Karnataka,""
759,false,false,28,29,0,false,3,Maharashtra,"encumbrance_free;jurisdiction_mismatch"
760,true,true,236,249,13,true,6,Uttar_Pradesh,""
761,false,false,32,33,0,false,6,Uttar_Pradesh,"kyc_pass;jurisdiction_mismatch"
762,true,true,194,209,15,true,6,Uttar_Pradesh,""
763,true,true,212,227,14,true,1,Karnataka,""
764,false,false,27,28,0,false,5,Chandigarh,"kyc_pass;jurisdiction_mismatch"
765,true,true,219,235,15,true,5,Chandigarh,""
766,true,true,219,233,13,true,2,Telangana,""
767,true,true,231,244,12,true,2,Telangana,""
768,true,true,213,228,14,true,7,Gujarat,""
769,true,true,231,245,13,true,5,Chandigarh,""
770,true,true,199,214,14,true,4,Rajasthan,""
771,true,true,206,219,12,true,5,Chandigarh,""
772,true,true,186,199,12,true,1,Karnataka,""
773,true,true,213,228,13,true,0,Delhi,""
774,true,true,217,233,16,true,6,Uttar_Pradesh,""
775,true,true,196,211,14,true,6,Uttar_Pradesh,""
776,true,true,210,224,13,true,1,Karnataka,""
777,true,true,223,238,14,true,3,Maharashtra,""
778,true,true,225,239,14,true,4,Rajasthan,""
779,true,true,204,218,13,true,3,Maharashtra,""
780,true,true,219,233,14,true,7,Gujarat,""
781,false,false,39,40,0,false,7,Gujarat,"encumbrance_free;zoning_compliant;jurisdiction_eligible;jurisdiction_mismatch"
782,false,false,34,35,0,false,1,Karnataka,"title_valid;registry_verified;zoning_compliant;jurisdiction_mismatch"
783,true,true,229,243,13,true,3,Maharashtra,""
784,true,true,233,247,13,true,0,Delhi,""
785,true,true,238,252,14,true,1,Karnataka,""
786,true,true,226,240,13,true,1,Karnataka,""
787,false,false,34,35,0,false,6,Uttar_Pradesh,"mutation_complete;tax_paid;jurisdiction_eligible;jurisdiction_mismatch"
788,true,true,216,231,14,true,3,Maharashtra,""
789,true,true,188,202,13,true,7,Gujarat,""
790,false,false,30,30,0,false,7,Gujarat,"title_valid;registry_verified;jurisdiction_mismatch"
791,true,true,215,229,14,true,7,Gujarat,""
792,true,true,200,216,16,true,1,Karnataka,""
793,true,true,242,257,14,true,2,Telangana,""
794,true,true,231,245,13,true,6,Uttar_Pradesh,""
795,false,false,27,28,0,false,4,Rajasthan,"mutation_complete;encumbrance_free;jurisdiction_mismatch"
796,true,true,212,226,13,true,1,Karnataka,""
797,true,true,209,225,15,true,1,Karnataka,""
798,true,true,207,221,13,true,7,Gujarat,""
799,true,true,221,234,13,true,6,Uttar_Pradesh,""
800,true,true,204,218,13,true,5,Chandigarh,""
801,true,true,231,247,15,true,6,Uttar_Pradesh,""
802,true,true,219,233,14,true,7,Gujarat,""
803,true,true,234,250,15,true,5,Chandigarh,""
804,false,false,33,33,0,false,0,Delhi,"kyc_pass;title_valid;jurisdiction_eligible;jurisdiction_mismatch"
805,true,true,216,231,14,true,2,Telangana,""
806,true,true,201,214,13,true,6,Uttar_Pradesh,""
807,false,false,33,34,0,false,3,Maharashtra,"kyc_pass;title_valid;encumbrance_free;jurisdiction_mismatch"
808,true,true,199,214,14,true,4,Rajasthan,""
809,true,true,231,246,15,true,0,Delhi,""
810,false,false,34,35,0,false,1,Karnataka,"title_valid;registry_verified;zoning_compliant;jurisdiction_eligible;jurisdiction_mismatch"
811,true,true,259,274,15,true,5,Chandigarh,""
812,true,true,222,235,13,true,0,Delhi,""
813,false,false,33,34,0,false,0,Delhi,"mutation_complete;jurisdiction_mismatch"
814,true,true,196,212,15,true,3,Maharashtra,""
815,true,true,262,277,14,true,7,Gujarat,""
816,true,true,231,244,12,true,5,Chandigarh,""
817,false,false,30,31,0,false,5,Chandigarh,"kyc_pass;jurisdiction_mismatch"
818,false,false,36,37,0,false,4,Rajasthan,"kyc_pass;zoning_compliant;jurisdiction_eligible;jurisdiction_mismatch"
819,true,true,215,229,13,true,2,Telangana,""
820,true,true,204,220,16,true,6,Uttar_Pradesh,""
821,true,true,250,264,14,true,3,Maharashtra,""
822,true,true,219,234,14,true,0,Delhi,""
823,false,false,35,35,0,false,4,Rajasthan,"encumbrance_free;jurisdiction_mismatch"
824,true,true,203,217,14,true,1,Karnataka,""
825,false,false,31,32,0,false,0,Delhi,"kyc_pass;jurisdiction_eligible;jurisdiction_mismatch"
826,true,true,207,221,13,true,2,Telangana,""
827,true,true,223,237,13,true,6,Uttar_Pradesh,""
828,false,false,29,29,0,false,4,Rajasthan,"kyc_pass;jurisdiction_eligible;jurisdiction_mismatch"
829,false,false,38,39,0,false,2,Telangana,"kyc_pass;title_valid;mutation_complete;tax_paid;jurisdiction_mismatch"
830,true,true,231,248,16,true,7,Gujarat,""
831,true,true,209,223,13,true,1,Karnataka,""
832,true,true,231,245,14,true,0,Delhi,""
833,true,true,207,222,14,true,6,Uttar_Pradesh,""
834,false,false,32,33,0,false,1,Karnataka,"title_valid;jurisdiction_mismatch"
835,true,true,208,221,13,true,2,Telangana,""
836,true,true,222,235,12,true,7,Gujarat,""
837,false,false,31,31,0,false,7,Gujarat,"title_valid;registry_verified;encumbrance_free;tax_paid;jurisdiction_mismatch"
838,false,false,33,34,0,false,2,Telangana,"encumbrance_free;jurisdiction_mismatch"
839,true,true,243,258,14,true,4,Rajasthan,""
840,false,false,27,28,0,false,3,Maharashtra,"kyc_pass;title_valid;registry_verified;jurisdiction_mismatch"
841,true,true,225,240,14,true,6,Uttar_Pradesh,""
842,false,false,28,28,0,false,6,Uttar_Pradesh,"registry_verified;jurisdiction_mismatch"
843,true,true,213,228,14,true,2,Telangana,""
844,false,false,31,32,0,false,2,Telangana,"zoning_compliant;jurisdiction_eligible;jurisdiction_mismatch"
845,true,true,199,212,13,true,5,Chandigarh,""
846,true,true,236,249,13,true,0,Delhi,""
847,true,true,213,229,15,true,0,Delhi,""
848,false,false,33,34,0,false,5,Chandigarh,"registry_verified;mutation_complete;encumbrance_free;jurisdiction_eligible;jurisdiction_mismatch"
849,false,false,33,34,0,false,7,Gujarat,"title_valid;mutation_complete;tax_paid;jurisdiction_mismatch"
850,true,true,222,239,16,true,0,Delhi,""
851,true,true,226,239,13,true,2,Telangana,""
852,true,true,197,213,15,true,2,Telangana,""
853,false,false,30,31,0,false,1,Karnataka,"kyc_pass;title_valid;zoning_compliant;jurisdiction_mismatch"
854,false,false,42,43,0,false,2,Telangana,"title_valid;jurisdiction_eligible;jurisdiction_mismatch"
855,true,true,201,219,17,true,4,Rajasthan,""
856,false,false,30,31,0,false,4,Rajasthan,"zoning_compliant;jurisdiction_mismatch"
857,true,true,280,293,12,true,3,Maharashtra,""
858,true,true,237,252,14,true,7,Gujarat,""
859,false,false,29,30,0,false,1,Karnataka,"title_valid;jurisdiction_eligible;jurisdiction_mismatch"
860,true,true,272,303,30,true,6,Uttar_Pradesh,""
861,true,true,582,620,37,true,6,Uttar_Pradesh,""
862,true,true,479,520,39,true,2,Telangana,""
863,true,true,532,572,39,true,4,Rajasthan,""
864,true,true,558,595,35,true,5,Chandigarh,""
865,true,true,513,547,32,true,2,Telangana,""
866,true,true,536,569,31,true,7,Gujarat,""
867,false,false,52,53,0,false,3,Maharashtra,"registry_verified;tax_paid;zoning_compliant;jurisdiction_mismatch"
868,true,true,540,569,27,true,3,Maharashtra,""
869,true,true,625,660,33,true,3,Maharashtra,""
870,false,false,51,52,0,false,4,Rajasthan,"kyc_pass;title_valid;tax_paid;zoning_compliant;jurisdiction_mismatch"
871,true,true,446,479,31,true,4,Rajasthan,""
872,true,true,521,558,36,true,6,Uttar_Pradesh,""
873,false,false,64,66,0,false,2,Telangana,"registry_verified;mutation_complete;zoning_compliant;jurisdiction_eligible;jurisdiction_mismatch"
874,false,false,102,105,0,false,2,Telangana,"kyc_pass;title_valid;jurisdiction_mismatch"
875,true,true,577,612,34,true,0,Delhi,""
876,true,true,554,589,33,true,4,Rajasthan,""
877,true,true,480,511,30,true,6,Uttar_Pradesh,""
878,true,true,510,546,34,true,7,Gujarat,""
879,true,true,469,507,36,true,6,Uttar_Pradesh,""
880,true,true,557,591,32,true,6,Uttar_Pradesh,""
881,false,false,62,64,0,false,1,Karnataka,"zoning_compliant;jurisdiction_mismatch"
882,true,true,531,564,32,true,7,Gujarat,""
883,true,true,481,516,34,true,0,Delhi,""
884,false,false,55,56,0,false,7,Gujarat,"kyc_pass;title_valid;zoning_compliant;jurisdiction_mismatch"
885,false,false,80,81,0,false,3,Maharashtra,"kyc_pass;title_valid;mutation_complete;tax_paid;jurisdiction_mismatch"
886,true,true,499,542,41,true,6,Uttar_Pradesh,""
887,true,true,506,539,31,true,5,Chandigarh,""
888,true,true,484,519,33,true,2,Telangana,""
889,false,false,56,58,0,false,5,Chandigarh,"registry_verified;mutation_complete;jurisdiction_mismatch"
890,true,true,528,562,32,true,3,Maharashtra,""
891,false,false,63,65,0,false,4,Rajasthan,"kyc_pass;jurisdiction_mismatch"
892,true,true,498,530,30,true,0,Delhi,""
893,false,false,55,56,0,false,6,Uttar_Pradesh,"encumbrance_free;jurisdiction_eligible;jurisdiction_mismatch"
894,false,false,73,74,0,false,2,Telangana,"mutation_complete;jurisdiction_eligible;jurisdiction_mismatch"
895,true,true,488,521,31,true,2,Telangana,""
896,true,true,534,566,30,true,5,Chandigarh,""
897,true,true,436,466,29,true,1,Karnataka,""
898,true,true,499,532,32,true,4,Rajasthan,""
899,true,true,444,476,30,true,2,Telangana,""
900,true,true,467,501,33,true,0,Delhi,""
901,true,true,534,564,29,true,6,Uttar_Pradesh,""
902,true,true,490,521,30,true,1,Karnataka,""
903,true,true,509,552,41,true,6,Uttar_Pradesh,""
904,true,true,455,487,30,true,0,Delhi,""
905,true,true,550,583,31,true,2,Telangana,""
906,true,true,472,510,37,true,7,Gujarat,""
907,true,true,490,530,38,true,3,Maharashtra,""
908,true,true,507,545,37,true,1,Karnataka,""
909,true,true,460,497,35,true,6,Uttar_Pradesh,""
910,true,true,456,496,38,true,1,Karnataka,""
911,true,true,485,518,31,true,5,Chandigarh,""
912,true,true,538,571,32,true,7,Gujarat,""
913,true,true,455,488,31,true,1,Karnataka,""
914,true,true,492,526,33,true,7,Gujarat,""
915,true,true,522,559,35,true,5,Chandigarh,""
916,false,false,57,59,0,false,6,Uttar_Pradesh,"zoning_compliant;jurisdiction_mismatch"
917,true,true,500,533,31,true,0,Delhi,""
918,true,true,140017,140060,42,true,5,Chandigarh,""
919,true,true,543,576,31,true,0,Delhi,""
920,true,true,507,543,34,true,3,Maharashtra,""
921,true,true,494,529,33,true,5,Chandigarh,""
922,true,true,552,593,39,true,1,Karnataka,""
923,true,true,495,531,35,true,2,Telangana,""
924,false,false,65,66,0,false,4,Rajasthan,"title_valid;registry_verified;zoning_compliant;jurisdiction_mismatch"
925,false,false,87,88,0,false,2,Telangana,"mutation_complete;tax_paid;zoning_compliant;jurisdiction_eligible;jurisdiction_mismatch"
926,true,true,568,618,49,true,2,Telangana,""
927,false,false,62,63,0,false,4,Rajasthan,"zoning_compliant;jurisdiction_mismatch"
928,true,true,448,489,40,true,3,Maharashtra,""
929,true,true,85047,85066,17,true,4,Rajasthan,""
930,true,true,326,343,16,true,0,Delhi,""
931,true,true,248,262,13,true,1,Karnataka,""
932,true,true,200,214,14,true,7,Gujarat,""
933,true,true,162,175,12,true,6,Uttar_Pradesh,""
934,true,true,157,169,11,true,1,Karnataka,""
935,true,true,186,206,19,true,6,Uttar_Pradesh,""
936,true,true,255,298,42,true,2,Telangana,""
937,true,true,324,341,15,true,4,Rajasthan,""
938,false,false,31,32,0,false,4,Rajasthan,"registry_verified;mutation_complete;zoning_compliant;jurisdiction_eligible;jurisdiction_mismatch"
939,true,true,196,208,12,true,0,Delhi,""
940,false,false,27,28,0,false,2,Telangana,"kyc_pass;title_valid;registry_verified;mutation_complete;jurisdiction_mismatch"
941,true,true,209,222,12,true,3,Maharashtra,""
942,true,true,169,181,12,true,2,Telangana,""
943,true,true,166,181,15,true,7,Gujarat,""
944,true,true,179,191,12,true,5,Chandigarh,""
945,true,true,163,177,14,true,2,Telangana,""
946,true,true,187,201,14,true,0,Delhi,""
947,true,true,201,212,11,true,4,Rajasthan,""
948,true,true,157,170,12,true,4,Rajasthan,""
949,false,false,31,32,0,false,6,Uttar_Pradesh,"registry_verified;jurisdiction_mismatch"
950,true,true,191,203,11,true,2,Telangana,""
951,true,true,178,191,12,true,5,Chandigarh,""
952,false,false,24,24,0,false,1,Karnataka,"title_valid;registry_verified;encumbrance_free;zoning_compliant;jurisdiction_mismatch"
953,false,false,28,28,0,false,1,Karnataka,"kyc_pass;registry_verified;mutation_complete;tax_paid;jurisdiction_mismatch"
954,true,true,180,192,11,true,6,Uttar_Pradesh,""
955,true,true,157,170,12,true,7,Gujarat,""
956,true,true,216,232,15,true,3,Maharashtra,""
957,true,true,211,226,14,true,6,Uttar_Pradesh,""
958,true,true,283,298,14,true,0,Delhi,""
959,true,true,208,230,21,true,2,Telangana,""
960,false,false,35,36,0,false,3,Maharashtra,"mutation_complete;jurisdiction_mismatch"
961,true,true,516,560,44,true,7,Gujarat,""
962,true,true,521,557,34,true,3,Maharashtra,""
963,true,true,616,647,30,true,4,Rajasthan,""
964,true,true,592,639,45,true,1,Karnataka,""
965,true,true,533,577,42,true,4,Rajasthan,""
966,true,true,581,633,51,true,3,Maharashtra,""
967,true,true,491,530,38,true,6,Uttar_Pradesh,""
968,true,true,528,568,39,true,0,Delhi,""
969,true,true,485,524,37,true,3,Maharashtra,""
970,false,false,54,56,0,false,5,Chandigarh,"kyc_pass;title_valid;mutation_complete;jurisdiction_mismatch"
971,true,true,521,555,33,true,5,Chandigarh,""
972,false,false,42,43,0,false,3,Maharashtra,"title_valid;mutation_complete;zoning_compliant;jurisdiction_mismatch"
973,true,true,483,515,31,true,7,Gujarat,""
974,false,false,67,68,0,false,5,Chandigarh,"kyc_pass;title_valid;registry_verified;zoning_compliant;jurisdiction_mismatch"
975,true,true,575,613,37,true,7,Gujarat,""
976,true,true,583,618,33,true,3,Maharashtra,""
977,true,true,561,605,42,true,6,Uttar_Pradesh,""
978,true,true,532,565,31,true,3,Maharashtra,""
979,true,true,308,325,16,true,5,Chandigarh,""
980,true,true,232,245,13,true,0,Delhi,""
981,true,true,231,246,14,true,4,Rajasthan,""
982,true,true,226,243,16,true,1,Karnataka,""
983,false,false,26,27,0,false,4,Rajasthan,"kyc_pass;title_valid;zoning_compliant;jurisdiction_mismatch"
984,false,false,34,35,0,false,4,Rajasthan,"kyc_pass;jurisdiction_mismatch"
985,true,true,206,222,16,true,6,Uttar_Pradesh,""
986,false,false,35,36,0,false,7,Gujarat,"registry_verified;mutation_complete;zoning_compliant;jurisdiction_eligible;jurisdiction_mismatch"
987,true,true,214,232,17,true,2,Telangana,""
988,true,true,248,263,15,true,4,Rajasthan,""
989,false,false,31,31,0,false,1,Karnataka,"kyc_pass;jurisdiction_eligible;jurisdiction_mismatch"
990,true,true,210,228,17,true,0,Delhi,""
991,true,true,201,215,13,true,0,Delhi,""
992,true,true,216,230,13,true,4,Rajasthan,""
993,false,false,30,31,0,false,0,Delhi,"registry_verified;mutation_complete;encumbrance_free;jurisdiction_eligible;jurisdiction_mismatch"
994,true,true,214,229,14,true,2,Telangana,""
995,true,true,233,250,17,true,2,Telangana,""
996,true,true,216,230,13,true,7,Gujarat,""
997,true,true,261,276,14,true,5,Chandigarh,""
998,false,false,31,31,0,false,7,Gujarat,"registry_verified;mutation_complete;jurisdiction_mismatch"
999,true,true,268,284,15,true,5,Chandigarh,""
1000,true,true,222,239,16,true,4,Rajasthan,""
1001,false,false,36,37,0,false,1,Karnataka,"tax_paid;jurisdiction_mismatch"
1002,true,true,220,234,14,true,7,Gujarat,""
1003,true,true,218,233,15,true,0,Delhi,""
1004,false,false,32,32,0,false,4,Rajasthan,"kyc_pass;mutation_complete;jurisdiction_eligible;jurisdiction_mismatch"
1005,true,true,210,226,15,true,0,Delhi,""
1006,true,true,213,228,15,true,6,Uttar_Pradesh,""
1007,true,true,269,293,23,true,1,Karnataka,""
1008,true,true,267,284,16,true,3,Maharashtra,""
1009,true,true,254,271,16,true,6,Uttar_Pradesh,""
1010,false,false,36,37,0,false,3,Maharashtra,"title_valid;registry_verified;mutation_complete;jurisdiction_eligible;jurisdiction_mismatch"
1011,true,true,219,233,14,true,3,Maharashtra,""
1012,true,true,267,283,16,true,0,Delhi,""
1013,false,false,35,36,0,false,0,Delhi,"kyc_pass;title_valid;mutation_complete;jurisdiction_eligible;jurisdiction_mismatch"
1014,true,true,208,221,13,true,7,Gujarat,""
1015,true,true,208,222,13,true,2,Telangana,""
1016,false,false,33,34,0,false,7,Gujarat,"kyc_pass;zoning_compliant;jurisdiction_mismatch"
1017,true,true,210,225,14,true,5,Chandigarh,""
1018,true,true,242,258,15,true,1,Karnataka,""
1019,false,false,36,37,0,false,4,Rajasthan,"kyc_pass;registry_verified;encumbrance_free;tax_paid;jurisdiction_mismatch"
1020,true,true,213,229,15,true,4,Rajasthan,""
1021,true,true,191,210,18,true,6,Uttar_Pradesh,""
1022,false,false,33,33,0,false,6,Uttar_Pradesh,"kyc_pass;jurisdiction_mismatch"
1023,false,false,38,39,0,false,5,Chandigarh,"title_valid;jurisdiction_mismatch"
1024,true,true,215,232,16,true,3,Maharashtra,""
1025,false,false,30,31,0,false,7,Gujarat,"zoning_compliant;jurisdiction_mismatch"
1026,false,false,38,38,0,false,3,Maharashtra,"tax_paid;jurisdiction_eligible;jurisdiction_mismatch"
1027,false,false,37,38,0,false,1,Karnataka,"title_valid;registry_verified;zoning_compliant;jurisdiction_mismatch"
1028,true,true,228,243,14,true,3,Maharashtra,""
1029,true,true,235,249,14,true,0,Delhi,""
1030,true,true,205,219,13,true,4,Rajasthan,""
1031,true,true,234,249,14,true,5,Chandigarh,""
1032,true,true,225,240,14,true,5,Chandigarh,""
1033,true,true,191,205,13,true,7,Gujarat,""
1034,false,false,30,31,0,false,4,Rajasthan,"kyc_pass;title_valid;tax_paid;jurisdiction_eligible;jurisdiction_mismatch"
1035,true,true,214,229,15,true,3,Maharashtra,""
1036,false,false,34,34,0,false,1,Karnataka,"encumbrance_free;tax_paid;zoning_compliant;jurisdiction_eligible;jurisdiction_mismatch"
1037,true,true,192,206,13,true,2,Telangana,""
1038,true,true,210,226,15,true,0,Delhi,""
1039,true,true,224,238,13,true,5,Chandigarh,""
1040,true,true,248,263,14,true,1,Karnataka,""
1041,true,true,258,273,15,true,7,Gujarat,""
1042,false,false,38,39,0,false,7,Gujarat,"title_valid;jurisdiction_mismatch"
1043,true,true,234,250,15,true,3,Maharashtra,""
1044,false,false,31,31,0,false,6,Uttar_Pradesh,"mutation_complete;encumbrance_free;jurisdiction_eligible;jurisdiction_mismatch"
1045,true,true,218,231,13,true,7,Gujarat,""
1046,false,false,41,41,0,false,1,Karnataka,"registry_verified;jurisdiction_eligible;jurisdiction_mismatch"
1047,true,true,211,227,15,true,1,Karnataka,""
1048,true,true,206,219,13,true,0,Delhi,""
1049,true,true,186,201,14,true,3,Maharashtra,""
1050,true,true,214,229,14,true,5,Chandigarh,""
1051,true,true,227,244,16,true,1,Karnataka,""
1052,true,true,224,237,13,true,3,Maharashtra,""
1053,true,true,205,218,12,true,1,Karnataka,""
1054,true,true,203,217,13,true,4,Rajasthan,""
1055,true,true,220,236,15,true,2,Telangana,""
1056,true,true,247,264,16,true,5,Chandigarh,""
1057,false,false,26,27,0,false,5,Chandigarh,"kyc_pass;zoning_compliant;jurisdiction_eligible;jurisdiction_mismatch"
1058,true,true,208,221,13,true,0,Delhi,""
1059,true,true,215,233,18,true,7,Gujarat,""
1060,true,true,247,261,13,true,7,Gujarat,""
1061,true,true,222,238,16,true,4,Rajasthan,""
1062,true,true,270,284,14,true,4,Rajasthan,""
1063,true,true,183,198,14,true,3,Maharashtra,""
1064,false,false,28,29,0,false,0,Delhi,"registry_verified;jurisdiction_eligible;jurisdiction_mismatch"
1065,false,false,35,36,0,false,1,Karnataka,"kyc_pass;title_valid;registry_verified;jurisdiction_eligible;jurisdiction_mismatch"
1066,true,true,212,225,12,true,0,Delhi,""
1067,true,true,197,211,13,true,5,Chandigarh,""
1068,false,false,33,34,0,false,6,Uttar_Pradesh,"mutation_complete;jurisdiction_eligible;jurisdiction_mismatch"
1069,true,true,248,261,13,true,6,Uttar_Pradesh,""
1070,true,true,208,223,15,true,0,Delhi,""
1071,false,false,33,33,0,false,6,Uttar_Pradesh,"kyc_pass;registry_verified;mutation_complete;tax_paid;jurisdiction_mismatch"
1072,true,true,230,244,13,true,5,Chandigarh,""
1073,false,false,29,30,0,false,4,Rajasthan,"kyc_pass;mutation_complete;encumbrance_free;tax_paid;jurisdiction_mismatch"
1074,true,true,237,253,15,true,4,Rajasthan,""
1075,true,true,233,248,14,true,0,Delhi,""
1076,false,false,29,30,0,false,4,Rajasthan,"encumbrance_free;jurisdiction_mismatch"
1077,true,true,226,243,16,true,3,Maharashtra,""
1078,true,true,220,235,14,true,3,Maharashtra,""
1079,false,false,30,31,0,false,7,Gujarat,"title_valid;mutation_complete;encumbrance_free;zoning_compliant;jurisdiction_mismatch"
1080,false,false,36,37,0,false,1,Karnataka,"tax_paid;jurisdiction_mismatch"
1081,true,true,211,226,14,true,7,Gujarat,""
1082,true,true,231,245,13,true,2,Telangana,""
1083,false,false,34,35,0,false,0,Delhi,"kyc_pass;jurisdiction_mismatch"
1084,true,true,220,235,14,true,5,Chandigarh,""
1085,true,true,230,248,17,true,7,Gujarat,""
1086,true,true,207,223,16,true,5,Chandigarh,""
1087,false,false,31,32,0,false,3,Maharashtra,"kyc_pass;title_valid;tax_paid;jurisdiction_eligible;jurisdiction_mismatch"
1088,false,false,38,39,0,false,6,Uttar_Pradesh,"mutation_complete;jurisdiction_mismatch"
1089,false,false,38,39,0,false,7,Gujarat,"kyc_pass;mutation_complete;encumbrance_free;jurisdiction_eligible;jurisdiction_mismatch"
1090,false,false,34,34,0,false,7,Gujarat,"registry_verified;tax_paid;jurisdiction_mismatch"
1091,true,true,204,218,13,true,4,Rajasthan,""
1092,true,true,199,213,13,true,0,Delhi,""
1093,false,false,30,31,0,false,3,Maharashtra,"registry_verified;mutation_complete;zoning_compliant;jurisdiction_mismatch"
1094,true,true,186,200,14,true,4,Rajasthan,""
1095,true,true,233,248,14,true,3,Maharashtra,""
1096,true,true,206,219,12,true,4,Rajasthan,""
1097,true,true,233,247,13,true,4,Rajasthan,""
1098,false,false,30,31,0,false,5,Chandigarh,"kyc_pass;title_valid;mutation_complete;jurisdiction_mismatch"
1099,true,true,190,204,13,true,2,Telangana,""
1100,true,true,242,257,14,true,0,Delhi,""
1101,false,false,32,32,0,false,3,Maharashtra,"title_valid;mutation_complete;tax_paid;zoning_compliant;jurisdiction_mismatch"
1102,false,false,34,35,0,false,0,Delhi,"title_valid;registry_verified;mutation_complete;zoning_compliant;jurisdiction_mismatch"
1103,false,false,32,33,0,false,2,Telangana,"kyc_pass;jurisdiction_mismatch"
1104,false,false,40,40,0,false,5,Chandigarh,"registry_verified;tax_paid;zoning_compliant;jurisdiction_mismatch"
1105,true,true,222,237,15,true,0,Delhi,""
1106,true,true,232,245,13,true,7,Gujarat,""
1107,true,true,234,256,21,true,4,Rajasthan,""
1108,true,true,243,257,13,true,7,Gujarat,""
1109,true,true,204,217,13,true,2,Telangana,""
1110,true,true,223,239,15,true,1,Karnataka,""
1111,true,true,212,227,14,true,2,Telangana,""
1112,true,true,223,238,14,true,5,Chandigarh,""
1113,false,false,33,33,0,false,7,Gujarat,"mutation_complete;jurisdiction_mismatch"
1114,false,false,34,35,0,false,6,Uttar_Pradesh,"title_valid;mutation_complete;zoning_compliant;jurisdiction_mismatch"
1115,true,true,204,219,14,true,5,Chandigarh,""
1116,true,true,206,221,14,true,3,Maharashtra,""
1117,true,true,190,203,12,true,3,Maharashtra,""
1118,true,true,243,261,17,true,6,Uttar_Pradesh,""
1119,true,true,213,227,13,true,7,Gujarat,""
1120,false,false,33,33,0,false,7,Gujarat,"kyc_pass;tax_paid;zoning_compliant;jurisdiction_mismatch"
1121,false,false,32,33,0,false,2,Telangana,"zoning_compliant;jurisdiction_eligible;jurisdiction_mismatch"
1122,true,true,249,266,16,true,0,Delhi,""
1123,true,true,238,252,13,true,1,Karnataka,""
1124,true,true,240,253,12,true,4,Rajasthan,""
1125,true,true,234,249,14,true,0,Delhi,""
1126,true,true,206,221,14,true,4,Rajasthan,""
1127,false,false,30,31,0,false,1,Karnataka,"mutation_complete;encumbrance_free;zoning_compliant;jurisdiction_eligible;jurisdiction_mismatch"
1128,true,true,217,232,14,true,0,Delhi,""
1129,false,false,32,33,0,false,6,Uttar_Pradesh,"kyc_pass;jurisdiction_mismatch"
1130,false,false,35,36,0,false,1,Karnataka,"tax_paid;zoning_compliant;jurisdiction_mismatch"
1131,true,true,222,237,15,true,1,Karnataka,""
1132,true,true,203,217,13,true,5,Chandigarh,""
1133,true,true,232,248,16,true,4,Rajasthan,""
1134,true,true,220,235,14,true,5,Chandigarh,""
1135,true,true,232,247,15,true,0,Delhi,""
1136,false,false,30,31,0,false,2,Telangana,"encumbrance_free;tax_paid;zoning_compliant;jurisdiction_mismatch"
1137,false,false,37,38,0,false,5,Chandigarh,"title_valid;mutation_complete;jurisdiction_mismatch"
1138,false,false,37,38,0,false,4,Rajasthan,"encumbrance_free;jurisdiction_mismatch"
1139,true,true,220,235,14,true,6,Uttar_Pradesh,""
1140,true,true,205,221,15,true,6,Uttar_Pradesh,""
1141,false,false,32,32,0,false,6,Uttar_Pradesh,"kyc_pass;title_valid;registry_verified;mutation_complete;jurisdiction_mismatch"
1142,true,true,210,227,16,true,6,Uttar_Pradesh,""
1143,true,true,201,216,14,true,1,Karnataka,""
1144,true,true,197,211,13,true,6,Uttar_Pradesh,""
1145,false,false,29,29,0,false,7,Gujarat,"kyc_pass;title_valid;zoning_compliant;jurisdiction_eligible;jurisdiction_mismatch"
1146,true,true,201,217,15,true,7,Gujarat,""
1147,false,false,30,30,0,false,0,Delhi,"registry_verified;jurisdiction_mismatch"
1148,false,false,35,36,0,false,2,Telangana,"kyc_pass;registry_verified;zoning_compliant;jurisdiction_eligible;jurisdiction_mismatch"
1149,true,true,239,258,18,true,7,Gujarat,""
1150,true,true,211,226,14,true,7,Gujarat,""
1151,true,true,196,211,14,true,2,Telangana,""
1152,false,false,35,35,0,false,1,Karnataka,"kyc_pass;title_valid;jurisdiction_mismatch"
1153,true,true,240,254,14,true,6,Uttar_Pradesh,""
1154,true,true,228,241,13,true,7,Gujarat,""
1155,true,true,233,247,13,true,7,Gujarat,""
1156,true,true,224,237,13,true,1,Karnataka,""
1157,true,true,227,242,14,true,6,Uttar_Pradesh,""
1158,true,true,209,223,13,true,2,Telangana,""
1159,false,false,31,32,0,false,1,Karnataka,"kyc_pass;title_valid;jurisdiction_mismatch"
1160,true,true,227,247,19,true,6,Uttar_Pradesh,""
1161,true,true,196,211,14,true,3,Maharashtra,""
1162,true,true,225,239,14,true,7,Gujarat,""
1163,false,false,32,32,0,false,5,Chandigarh,"kyc_pass;tax_paid;jurisdiction_mismatch"
1164,false,false,38,38,0,false,0,Delhi,"registry_verified;mutation_complete;jurisdiction_mismatch"
1165,true,true,234,248,14,true,4,Rajasthan,""
1166,true,true,235,249,14,true,3,Maharashtra,""
1167,true,true,214,228,14,true,6,Uttar_Pradesh,""
1168,false,false,30,30,0,false,5,Chandigarh,"mutation_complete;encumbrance_free;jurisdiction_mismatch"
1169,true,true,216,233,16,true,4,Rajasthan,""
1170,true,true,212,225,12,true,1,Karnataka,""
1171,true,true,200,213,12,true,4,Rajasthan,""
1172,true,true,224,239,14,true,5,Chandigarh,""
1173,false,false,29,30,0,false,5,Chandigarh,"kyc_pass;encumbrance_free;jurisdiction_eligible;jurisdiction_mismatch"
1174,false,false,33,34,0,false,5,Chandigarh,"title_valid;tax_paid;jurisdiction_mismatch"
1175,true,true,213,227,13,true,6,Uttar_Pradesh,""
1176,false,false,34,35,0,false,2,Telangana,"kyc_pass;mutation_complete;tax_paid;zoning_compliant;jurisdiction_mismatch"
1177,true,true,218,232,13,true,3,Maharashtra,""
1178,true,true,197,214,17,true,3,Maharashtra,""
1179,true,true,274,289,14,true,7,Gujarat,""
1180,true,true,216,231,14,true,5,Chandigarh,""
1181,true,true,207,223,15,true,1,Karnataka,""
1182,false,false,35,35,0,false,1,Karnataka,"kyc_pass;title_valid;registry_verified;encumbrance_free;jurisdiction_mismatch"
1183,true,true,199,214,14,true,1,Karnataka,""
1184,true,true,198,213,14,true,0,Delhi,""
1185,true,true,213,226,13,true,6,Uttar_Pradesh,""
1186,true,true,218,232,13,true,3,Maharashtra,""
1187,true,true,199,213,13,true,6,Uttar_Pradesh,""
1188,true,true,215,228,12,true,5,Chandigarh,""
1189,false,false,31,31,0,false,2,Telangana,"kyc_pass;mutation_complete;jurisdiction_eligible;jurisdiction_mismatch"
1190,true,true,253,269,15,true,2,Telangana,""
1191,true,true,246,261,15,true,7,Gujarat,""
1192,true,true,228,241,12,true,2,Telangana,""
1193,true,true,201,218,16,true,6,Uttar_Pradesh,""
1194,true,true,223,238,14,true,7,Gujarat,""
1195,false,false,29,29,0,false,4,Rajasthan,"kyc_pass;title_valid;encumbrance_free;tax_paid;jurisdiction_mismatch"
1196,false,false,31,32,0,false,4,Rajasthan,"registry_verified;mutation_complete;jurisdiction_mismatch"
1197,true,true,190,204,13,true,2,Telangana,""
1198,false,false,30,30,0,false,2,Telangana,"kyc_pass;tax_paid;zoning_compliant;jurisdiction_mismatch"
1199,true,true,204,218,13,true,5,Chandigarh,""